"","bet","eig","res"
"1",2,1,0
"2",0,0.854637679718462,0.131275517509784
"3",0,0.854637679718461,0.131275517509783
"4",0,0.460811127189111,-0.262551035019567
